"A000";"Portamento Pad";"SlowSynth"
"A001";"StereoPiano mf/f";"Keyboard"
"A002";"Centerfuge";"Hit/Arpg"
"A003";"Session Strings";"Strings"
"A004";"Mashed Kit";"Drums"
"A005";"HardPulse Bass";"Bass/Synth Bass"
"A006";"Session Brass";"Brass"
"A007";"Jazz Organ 1";"Organ"
"A008";"Vibraphone 2";"Bell/Mallet"
"A009";"Saw Strings";"SlowSynth"
"A010";"Saw OD Bass/Lead";"LeadSynth"
"A011";"SiniSTAR Bass";"Bass/Synth Bass"
"A012";"Nylon Guitar 2";"Guitar/Plucked"
"A013";"Ping/Pong Synth";"MotionSynth"
"A014";"Harmonica-Wah";"Woodwind/Reed"
"A015";"THEY were here";"SE"
"A016";"Fast Saw Synth";"FastSynth"
"A017";"EP Bright mf/f";"Keyboard"
"A018";"PunchBowl HIT";"Hit/Arpg"
"A019";"Tape Strings";"Strings"
"A020";"Standard Kit 3";"Drums"
"A021";"Velo Scat Voices";"Vocal/Airy"
"A022";"Trumpet Duo";"Brass"
"A023";"BX3 Velo Switch";"Organ"
"A024";"Analog Bells";"Bell/Mallet"
"A025";"Overture Pad";"SlowSynth"
"A026";"2VCO Planet Lead";"LeadSynth"
"A027";"Club Ac Bass";"Bass/Synth Bass"
"A028";"Mono Guitar Lead";"Guitar/Plucked"
"A029";"SpikeyUnisyn";"MotionSynth"
"A030";"Flute Vibrato";"Woodwind/Reed"
"A031";"Cymbalis";"SE"
"A032";"Ghostly Popper";"FastSynth"
"A033";"Tremolo Wurly";"Keyboard"
"A034";"Saw Arpeggiator";"Hit/Arpg"
"A035";"StringsQuartet 2";"Strings"
"A036";"DWGS Sync2 Knob1";"LeadSynth"
"A037";"Nice&Expensive";"Vocal/Airy"
"A038";"5th Stab";"FastSynth"
"A039";"Distortion Organ";"Organ"
"A040";"Monkey Skulls";"Bell/Mallet"
"A041";"Korgmatose";"SlowSynth"
"A042";"Dance Lead";"LeadSynth"
"A043";"SuperSwitch Bass";"Bass/Synth Bass"
"A044";"A.Guitar Gliss.";"Guitar/Plucked"
"A045";"Time Stood Still";"MotionSynth"
"A046";"Sax Ensemble";"Woodwind/Reed"
"A047";"Orbiting Probes";"SE"
"A048";">Fast Reaction<";"FastSynth"
"A049";"Funky Clav";"Keyboard"
"A050";"NetherlandHit";"Hit/Arpg"
"A051";"D'n'B/GarageBass";"Bass/Synth Bass"
"A052";"Psycho Kit";"Drums"
"A053";"Aah Voices";"Vocal/Airy"
"A054";"Horns & Ensemble";"Brass"
"A055";"Transweep";"FastSynth"
"A056";"Chorus E.Guitar";"Guitar/Plucked"
"A057";"FlutaSonic Pad";"SlowSynth"
"A058";"Ripper";"LeadSynth"
"A059";"Low Finger Bass";"Bass/Synth Bass"
"A060";"Power-Chords&FX";"Guitar/Plucked"
"A061";"Motion Saw";"MotionSynth"
"A062";"Oboe Vibrato";"Woodwind/Reed"
"A063";"Xpanded Voice";"SE"
"A064";"Polysix Pad";"FastSynth"
"A065";"M1 Piano";"Keyboard"
"A066";"Chord Trigger";"Hit/Arpg"
"A067";"Hybrid Strings";"Strings"
"A068";"Mega Drum Hit";"Drums"
"A069";"M1 Organ Bass";"Bass/Synth Bass"
"A070";"Velo Resonant";"FastSynth"
"A071";"Additive Organ";"Organ"
"A072";"Digital Bells 1";"Bell/Mallet"
"A073";"ClassicAnaPad";"SlowSynth"
"A074";"DetunedSuperLead";"LeadSynth"
"A075";"Bass-Depot";"Bass/Synth Bass"
"A076";"Processed E.Gtr.";"Guitar/Plucked"
"A077";"LightOfTheSource";"MotionSynth"
"A078";"Classic Tines";"Keyboard"
"A079";"Big Break Down";"SE"
"A080";"Paddy Whack";"FastSynth"
"A081";"Analog E.Piano";"Keyboard"
"A082";"Chipper Dayglow";"Hit/Arpg"
"A083";"Acid Square Bass";"Bass/Synth Bass"
"A084";"Filter Drums";"Drums"
"A085";"Digital Voice";"Vocal/Airy"
"A086";"Trumpets&Brass";"Brass"
"A087";"Velo Pulse Clav";"FastSynth"
"A088";"Ensemble Bell";"Bell/Mallet"
"A089";"ASineOfTheTimes";"SlowSynth"
"A090";"JuicyBleep-age";"LeadSynth"
"A091";"DarkCore Bass";"Bass/Synth Bass"
"A092";"Harp";"Guitar/Plucked"
"A093";"Swirling Dreams";"MotionSynth"
"A094";"Fisa Americana";"Woodwind/Reed"
"A095";"Monster Island";"SE"
"A096";"Reso Comp";"FastSynth"
"A097";"DarkTineStage EP";"Keyboard"
"A098";"Progressv Trance";"Hit/Arpg"
"A099";"PizzAnsamble";"Strings"
"A100";"! {Tricky} Kit !";"Drums"
"A101";"Deep Detune Bass";"Bass/Synth Bass"
"A102";"Cosmic Furnace";"FastSynth"
"A103";"Pipe Mixture";"Organ"
"A104";"Krystal Bells";"Bell/Mallet"
"A105";"Strings Synth";"SlowSynth"
"A106";"Detox Lead";"LeadSynth"
"A107";"Wah Space Bass";"Bass/Synth Bass"
"A108";"Da Mute...Joy -Y";"Guitar/Plucked"
"A109";"Sinistar*Android";"MotionSynth"
"A110";"Piano Pad";"Keyboard"
"A111";"JoyStick Machine";"SE"
"A112";"Super Saw Brass";"FastSynth"
"A113";"Romance Piano";"Keyboard"
"A114";"Techno Organ Hit";"Hit/Arpg"
"A115";"Boost RnB Bass";"Bass/Synth Bass"
"A116";"BD&SD Kit 1";"Drums"
"A117";"Talkin' Keys";"Vocal/Airy"
"A118";"Trombone Ens.";"Brass"
"A119";"PowerRezSweep";"FastSynth"
"A120";"Thin Bell-s-park";"Bell/Mallet"
"A121";"Cross Sweeper";"SlowSynth"
"A122";"Nu HPF Lead";"LeadSynth"
"A123";"Motion Bass/Lead";"Bass/Synth Bass"
"A124";"Jazz Guitar";"Guitar/Plucked"
"A125";"Space Pod for 2";"MotionSynth"
"A126";"TenorSax Growl-Y";"Woodwind/Reed"
"A127";"Steam Sweeps";"SE"
"B000";"Big Sweep Stab";"FastSynth"
"B001";"Acoustic Piano";"Keyboard"
"B002";"Flip Blip";"Hit/Arpg"
"B003";"Arco Strings";"Strings"
"B004";"Trance/GarageKit";"Drums"
"B005";"Bass 4 Da Phunk";"Bass/Synth Bass"
"B006";"Burnin' Brass";"Brass"
"B007";"Full Drawbars";"Organ"
"B008";"Bali Gamelon";"Bell/Mallet"
"B009";"Breakdown String";"SlowSynth"
"B010";"Phat Saw Lead";"LeadSynth"
"B011";"Drive Bass";"Bass/Synth Bass"
"B012";"AcousticGuitar 1";"Guitar/Plucked"
"B013";"VCF Modulation";"MotionSynth"
"B014";"Harmonica";"Woodwind/Reed"
"B015";"Soundscapes";"SE"
"B016";"Rezbo";"FastSynth"
"B017";"Stereo E.Piano";"Keyboard"
"B018";"BlastFromDaPast";"Hit/Arpg"
"B019";"Vintage Stringz";"Strings"
"B020";"Standard Kit 1";"Drums"
"B021";"Dah Voices";"Vocal/Airy"
"B022";"Trombone Hard";"Brass"
"B023";"Classic Click";"Organ"
"B024";"VS Bell Boy";"Bell/Mallet"
"B025";"Reactor Pad";"SlowSynth"
"B026";"MonoSynGtr LEAD";"LeadSynth"
"B027";"Acoustic Bass";"Bass/Synth Bass"
"B028";"Wet Dist. Guitar";"Guitar/Plucked"
"B029";"Crimson 5ths";"MotionSynth"
"B030";"Old Shakuhachi";"Woodwind/Reed"
"B031";"Loop-Iteria";"SE"
"B032";"Perky Bleeper";"FastSynth"
"B033";"Velo Whirly";"Keyboard"
"B034";"Auto Pilot";"Hit/Arpg"
"B035";"Small StringsEns";"Strings"
"B036";"WellAardHouse";"LeadSynth"
"B037";"Slow Choir ST";"Vocal/Airy"
"B038";"Garage PWM";"FastSynth"
"B039";"Perc Short Decay";"Organ"
"B040";"Log Drum";"Bell/Mallet"
"B041";"Rez. Down";"SlowSynth"
"B042";"Espress Lead";"LeadSynth"
"B043";"Slap Bass v/s";"Bass/Synth Bass"
"B044";"Sitar Sitar";"Guitar/Plucked"
"B045";"Tinklin' Pad";"MotionSynth"
"B046";"SopranoSax Br.-Y";"Woodwind/Reed"
"B047";"The Great Wall";"SE"
"B048";"Mega Big Synth";"FastSynth"
"B049";"Clav";"Keyboard"
"B050";"Percussive Hits";"Hit/Arpg"
"B051";"Drum'n'Bass Bass";"Bass/Synth Bass"
"B052";"Psycho Pitch Kit";"Drums"
"B053";"Woh Voices";"Vocal/Airy"
"B054";"Classic Fanfare";"Brass"
"B055";"Blasta Brasster";"FastSynth"
"B056";"Strato-Chime";"Guitar/Plucked"
"B057";"Clouds of Air";"SlowSynth"
"B058";"Nu Skool Bleeps";"LeadSynth"
"B059";"Stein Bass";"Bass/Synth Bass"
"B060";"Joystick Gtr(-Y)";"Guitar/Plucked"
"B061";"Transformation";"MotionSynth"
"B062";"DoubleReed";"Woodwind/Reed"
"B063";"<Techno Vox Box>";"SE"
"B064";"InverseSQwave";"FastSynth"
"B065";"Warm E.Grand";"Keyboard"
"B066";"VCF Sample&Hold";"Hit/Arpg"
"B067";"AnalogStrings1&2";"Strings"
"B068";"Dragon Gong";"Drums"
"B069";"Tekno Organ*Bass";"Bass/Synth Bass"
"B070";"5th Sweeper";"FastSynth"
"B071";"Dark Jazz-Organ";"Organ"
"B072";"Hybrid Bell";"Bell/Mallet"
"B073";"Digi Ice Pad";"SlowSynth"
"B074";"Detune Leader";"LeadSynth"
"B075";"House Bass";"Bass/Synth Bass"
"B076";"SingleCoil+Piezo";"Guitar/Plucked"
"B077";"BPF Sweep Pad";"MotionSynth"
"B078";"Night Tines EP";"Keyboard"
"B079";"Sonic Blast";"SE"
"B080";"Future Syn Pad";"FastSynth"
"B081";"SynPiano X";"Keyboard"
"B082";"Jungle Melody";"Hit/Arpg"
"B083";"Ana Bass 1";"Bass/Synth Bass"
"B084";"Drum'n'Bass Kit";"Drums"
"B085";"Fresh Breath";"Vocal/Airy"
"B086";"Fat Brass";"Brass"
"B087";"Turn Back Stab";"FastSynth"
"B088";"Tropico Bells";"Bell/Mallet"
"B089";"Simple Sine Pad";"SlowSynth"
"B090";"Seq DDL Lead";"LeadSynth"
"B091";"2 Step Bass";"Bass/Synth Bass"
"B092";"Koto";"Guitar/Plucked"
"B093";"Astral Dreams";"MotionSynth"
"B094";"Musette";"Woodwind/Reed"
"B095";"Dark Night";"SE"
"B096";"Metalic Rez";"FastSynth"
"B097";"Dyno Tine EP";"Keyboard"
"B098";"Goa Message";"Hit/Arpg"
"B099";"PizzicatoSection";"Strings"
"B100";"Orchestra&Ethnic";"Drums"
"B101";"The Tea-Bea";"Bass/Synth Bass"
"B102";"Synth Sweeper";"FastSynth"
"B103";"Church Pipes";"Organ"
"B104";"Tinkle Bells";"Bell/Mallet"
"B105";"Noble Brite Pad";"SlowSynth"
"B106";"Old & Analog";"LeadSynth"
"B107";"Nu Skool Bass";"Bass/Synth Bass"
"B108";"Funkin' Guitar";"Guitar/Plucked"
"B109";"Spectrum Alloy";"MotionSynth"
"B110";"HarpsyKorg 8'+4'";"Keyboard"
"B111";"VenusianStories";"SE"
"B112";"SynthBrass";"FastSynth"
"B113";"Phantom Of Tine";"Keyboard"
"B114";"Rave Synth";"Hit/Arpg"
"B115";"Dark R&B Bass";"Bass/Synth Bass"
"B116";"BD&SD Kit 2";"Drums"
"B117";"Take Voices";"Vocal/Airy"
"B118";"Glen & The Boys";"Brass"
"B119";"Dual Filterz";"FastSynth"
"B120";"Future Bell";"Bell/Mallet"
"B121";"Ultra Res. Sweep";"SlowSynth"
"B122";"Glide Lead";"LeadSynth"
"B123";"Nasty Bass";"Bass/Synth Bass"
"B124";"Vintage Stratt";"Guitar/Plucked"
"B125";"Symphonic Waves";"MotionSynth"
"B126";"AltoSax2Breath-Y";"Woodwind/Reed"
"B127";"DJ Touch";"SE"
"C000";"EuphoricTrancer";"FastSynth"
"C001";"Attack Piano";"Keyboard"
"C002";"Scattersynth";"MotionSynth"
"C003";"StSlowStringsEXP";"Strings"
"C004";"HipHop Kit";"Drums"
"C005";"Ana Bass 2";"Bass/Synth Bass"
"C006";"SFZ Brass ST";"Brass"
"C007";"Gospel PercOrgan";"Organ"
"C008";"Marimba";"Bell/Mallet"
"C009";"Symphonic Ensemb";"SlowSynth"
"C010";"BrightPulseLead";"LeadSynth"
"C011";"DistortedTeaBea";"Bass/Synth Bass"
"C012";"Nylon Guitar 1";"Guitar/Plucked"
"C013";"Gating Voice Pad";"MotionSynth"
"C014";"Spitz Bottle";"Woodwind/Reed"
"C015";"MotionSoundTrack";"SE"
"C016";"Rez. Sweep";"FastSynth"
"C017";"EP Dark mf/f";"Keyboard"
"C018";"StaccatoPizzHit";"Hit/Arpg"
"C019";"WatcherOfTheSky";"Strings"
"C020";"Standard Kit 2";"Drums"
"C021";"Choir of Light";"Vocal/Airy"
"C022";"Trumpet";"Brass"
"C023";"Percussion BX3";"Organ"
"C024";"Moving Bellz";"Bell/Mallet"
"C025";"Tsunami Waves";"SlowSynth"
"C026";"HipHop Lead";"LeadSynth"
"C027";"Fretless Bass";"Bass/Synth Bass"
"C028";"Mute Monster";"Guitar/Plucked"
"C029";"Aqua Phonics";"MotionSynth"
"C030";"Jazz Clarinet";"Woodwind/Reed"
"C031";"Goa Lover";"SE"
"C032";"Analog Piano";"FastSynth"
"C033";"Classic Wurly";"Keyboard"
"C034";"Noise Shot";"Hit/Arpg"
"C035";"StringsQuartet 1";"Strings"
"C036";"X-Mod Raver";"LeadSynth"
"C037";"Garage SQ Bass";"Bass/Synth Bass"
"C038";"Power Snap Synth";"FastSynth"
"C039";"Old Tone-Wheel";"Organ"
"C040";"Velo Kalimba";"Bell/Mallet"
"C041";"Antartic Wind";"SlowSynth"
"C042";"Smooth Sine Lead";"LeadSynth"
"C043";"E.Bass Pick 2";"Bass/Synth Bass"
"C044";"A.Guitar NatATK";"Guitar/Plucked"
"C045";"Pods In The Pad";"MotionSynth"
"C046";"Reed Of Power";"Woodwind/Reed"
"C047";"New Voyage";"SE"
"C048";"Noisy Stabber";"FastSynth"
"C049";"Sticky Rez Clav";"Keyboard"
"C050";"Organ Impact";"Hit/Arpg"
"C051";"UK Garage Bass";"Bass/Synth Bass"
"C052";"UGLY HoUSe Kit";"Drums"
"C053";"Oooh Voices ST";"Vocal/Airy"
"C054";"Film Brass";"Brass"
"C055";"Polyphonic Line";"FastSynth"
"C056";"Dynamic E.Guitar";"Guitar/Plucked"
"C057";"Ravelian Pad";"SlowSynth"
"C058";"Fat Syn Sync";"LeadSynth"
"C059";"E.Bass Finger";"Bass/Synth Bass"
"C060";"Feedback D. Gtr.";"Guitar/Plucked"
"C061";"Cyclic X-Fades";"MotionSynth"
"C062";"English Horn";"Woodwind/Reed"
"C063";"Gliding Squares";"FastSynth"
"C064";"Square Snaps";"FastSynth"
"C065";"90's Piano";"Keyboard"
"C066";"Synchro Science";"Hit/Arpg"
"C067";"HybridStrg/Choir";"Strings"
"C068";"Marc Tree";"Drums"
"C069";"Hard Velo Bass";"Bass/Synth Bass"
"C070";"Cyber Choir";"FastSynth"
"C071";"Sine DWGS-Organ";"Organ"
"C072";"Digital Bells 2";"Bell/Mallet"
"C073";"Harmonic Pad";"SlowSynth"
"C074";"Digitized Raver";"LeadSynth"
"C075";"Feedback MG Bass";"Bass/Synth Bass"
"C076";"PedalSteelGuitar";"Guitar/Plucked"
"C077";"OXYGEN";"MotionSynth"
"C078";"Hybrid Digi EP";"Keyboard"
"C079";"Video Blaster";"SE"
"C080";"Pop Synth Pad";"FastSynth"
"C081";"White Pad EP";"Keyboard"
"C082";"Big Hit in India";"Hit/Arpg"
"C083";"Jungle Rez Bass";"Bass/Synth Bass"
"C084";"D'n'B Gate Kit";"Drums"
"C085";"The AirVox";"Vocal/Airy"
"C086";"Tight Brass";"Brass"
"C087";"Thunderlog";"FastSynth"
"C088";"Bottle-Bell";"Bell/Mallet"
"C089";"Smoothy Pad";"SlowSynth"
"C090";"Syncro City";"LeadSynth"
"C091";"Ramp Jungle Bass";"Bass/Synth Bass"
"C092";"Old 12-String";"Guitar/Plucked"
"C093";"Flying Machines";"MotionSynth"
"C094";"Fisa Cassotto";"Woodwind/Reed"
"C095";"Compu-shift";"SE"
"C096";"S&H Reso Comp";"FastSynth"
"C097";"Pro-Dyno EP";"Keyboard"
"C098";"Motion Raver";"Hit/Arpg"
"C099";"Octave Strings";"Strings"
"C100";"Percussion Kit";"Drums"
"C101";"Blaster Bass";"Bass/Synth Bass"
"C102";"Band Passed";"FastSynth"
"C103";"M1 Organ";"Organ"
"C104";"GlassBell Bright";"Bell/Mallet"
"C105";"Analog Pad";"SlowSynth"
"C106";"Octo Lead";"LeadSynth"
"C107";"Karma Sutra";"Bass/Synth Bass"
"C108";"CleanMute-Guitar";"Guitar/Plucked"
"C109";"Stereo Rez Sweep";"MotionSynth"
"C110";"Theatrical Pad";"SlowSynth"
"C111";"Distant Lights";"SE"
"C112";"Soft Synth Brass";"FastSynth"
"C113";"Sweeping EP";"Keyboard"
"C114";"Techno Stat";"Hit/Arpg"
"C115";"Phat Bass";"Bass/Synth Bass"
"C116";"Wild Wasp";"Hit/Arpg"
"C117";"Vocalscaping";"Vocal/Airy"
"C118";"Big Band Plunger";"Brass"
"C119";"Filter Morpher";"FastSynth"
"C120";"Breathy Bells";"Bell/Mallet"
"C121";"Cinema Pad";"SlowSynth"
"C122";"Electro Lead";"LeadSynth"
"C123";"30303 Mega Bass";"Bass/Synth Bass"
"C124";"E.G. Harmonics";"Guitar/Plucked"
"C125";"Moon Talker";"MotionSynth"
"C126";"TenorSax Brth.-Y";"Woodwind/Reed"
"C127";"Wispy Dry Wind";"SE"
"D000";"Comp Trance Stab";"FastSynth"
"D001";"PianoMezzoDark";"Keyboard"
"D002";"Bounce Shot";"MotionSynth"
"D003";"Legato Strings";"Strings"
"D004";"House Kit";"Drums"
"D005";"Bazooka Bass";"Bass/Synth Bass"
"D006";"Brass Of Power";"Brass"
"D007";"Jazz Organ 2";"Organ"
"D008";"Mondo'Rimba";"Bell/Mallet"
"D009";"Money Pad";"SlowSynth"
"D010";"Square Wave Lead";"LeadSynth"
"D011";"The Growler";"Bass/Synth Bass"
"D012";"FingertipsGuitar";"Guitar/Plucked"
"D013";"Flashlight Pad";"MotionSynth"
"D014";"Recorder";"Woodwind/Reed"
"D015";"One Note Stories";"SE"
"D016";"Square Rez";"FastSynth"
"D017";"Vintage EP";"Keyboard"
"D018";"Brass Impact Hit";"Hit/Arpg"
"D019";"The Pad";"SlowSynth"
"D020";"Jazz/Brush Kits";"Drums"
"D021";"Ooh/Aah VoicesST";"Vocal/Airy"
"D022";"Muted Trumpet";"Brass"
"D023";"Killer B";"Organ"
"D024";"Magical Bells";"Bell/Mallet"
"D025";"{(Meditate})";"SlowSynth"
"D026";"Trancer Lead";"LeadSynth"
"D027";"Sweet Fretless";"Bass/Synth Bass"
"D028";"Amp D. Guitar";"Guitar/Plucked"
"D029";"Rezzo Release";"MotionSynth"
"D030";"BambuSilverFlute";"Woodwind/Reed"
"D031";"CyborgFactoryHit";"SE"
"D032";"The ANAPIZZ";"FastSynth"
"D033";"R&B E.Piano";"Keyboard"
"D034";"Arp Twins";"Hit/Arpg"
"D035";"Camera Strings";"Strings"
"D036";"Busy Sync";"LeadSynth"
"D037";"30303 Square";"Bass/Synth Bass"
"D038";"Trumpet Ens.";"Brass"
"D039";""Dirty ""B"""";"Organ"
"D040";"Log Drum & Bells";"Bell/Mallet"
"D041";"Freedom Pad";"SlowSynth"
"D042";"Thin AnaLead";"LeadSynth"
"D043";"E.Bass Pick 1";"Bass/Synth Bass"
"D044";"Indian Stars";"Guitar/Plucked"
"D045";"OutOfTheClouds";"MotionSynth"
"D046";"BariSax Growl -Y";"Woodwind/Reed"
"D047";"Hemispheres";"SE"
"D048";"Techno Phonic";"FastSynth"
"D049";"Clav Snap";"Keyboard"
"D050";"Old Record Hit";"Hit/Arpg"
"D051";"Cyber Tom";"Bass/Synth Bass"
"D052";"That Heaven Vibe";"SlowSynth"
"D053";"Aaah Voices ST";"Vocal/Airy"
"D054";"French Horn Sect";"Brass"
"D055";"Garage Organ";"Organ"
"D056";"Nu Strat";"Guitar/Plucked"
"D057";"Brass Pad";"SlowSynth"
"D058";"Brian's Sync";"LeadSynth"
"D059";"SynBassRes";"Bass/Synth Bass"
"D060";"Vox Wah Chicks";"Guitar/Plucked"
"D061";"Stereo WaveSweep";"MotionSynth"
"D062";"Bassoon";"Woodwind/Reed"
"D063";"Flute Pad";"FastSynth"
"D064";"Syn Pizz";"FastSynth"
"D065";"ST Piano mp/f";"Keyboard"
"D066";"Arp Angeles";"Hit/Arpg"
"D067";"Analog Velvet";"Strings"
"D068";"Clock It Out";"MotionSynth"
"D069";"MG Pulse Bass";"Bass/Synth Bass"
"D070";"Power Saw";"FastSynth"
"D071";"Formant Voices";"Vocal/Airy"
"D072";"Vibraphone 1";"Bell/Mallet"
"D073";"StereoStringsEXP";"Strings"
"D074";"Syn Pipes";"LeadSynth"
"D075";"Digi Syn Bass";"Bass/Synth Bass"
"D076";"PiezoMix Guitar";"Guitar/Plucked"
"D077";"Dolphin Ride";"MotionSynth"
"D078";"Studio Stage EP";"Keyboard"
"D079";"Glass Vox";"MotionSynth"
"D080";"Ana Brass/Lead";"FastSynth"
"D081";"Reson Piano";"Keyboard"
"D082";"Hit Me 2 Times!!";"Hit/Arpg"
"D083";"Euro 8va Bass";"Bass/Synth Bass"
"D084";"WAcKy HiPHop Kit";"Drums"
"D085";"Vocalesque";"Vocal/Airy"
"D086";"Brass Expression";"Brass"
"D087";"Fire Wave";"FastSynth"
"D088";"Mallet Clocker";"Bell/Mallet"
"D089";"Stereo Piano mf";"Keyboard"
"D090";"Sync Kronicity";"LeadSynth"
"D091";"Poinker Bass";"Bass/Synth Bass"
"D092";"AcousticGuitar 2";"Guitar/Plucked"
"D093";"Station Of Waves";"MotionSynth"
"D094";"MixFisaMaster";"Woodwind/Reed"
"D095";"Frozen Glaciers";"SE"
"D096";"AStabInTheDark";"MotionSynth"
"D097";"Pro-Stage EP";"Keyboard"
"D098";"Wild Arp";"Hit/Arpg"
"D099";"Stereo Strings";"Strings"
"D100";"Processed Kit";"Drums"
"D101";"Acid Dist Bass";"Bass/Synth Bass"
"D102";"Few Bows Here";"Strings"
"D103";"Arctic Voices";"Vocal/Airy"
"D104";"Classic E.Piano";"Keyboard"
"D105";"Mellow Movie Pad";"SlowSynth"
"D106";"AMSFeedbackLead";"LeadSynth"
"D107";"Classic F.Horn";"Brass"
"D108";"Indian Frets Gtr";"Guitar/Plucked"
"D109";"Virtual Traveler";"MotionSynth"
"D110";"Flute";"Woodwind/Reed"
"D111";"Vanishing Planet";"SE"
"D112";"Symphonic Bows";"Strings"
"D113";"Classic Piano";"Keyboard"
"D114";"Velo PowerStab";"Hit/Arpg"
"D115";"Happy Vibe Lead";"LeadSynth"
"D116";"Trumpet Section";"Brass"
"D117";"Dream Voices";"Vocal/Airy"
"D118";"Octave Brass Exp";"Brass"
"D119";"Solo Violin";"Strings"
"D120";"Santur";"Guitar/Plucked"
"D121";"Full Vox Pad";"Vocal/Airy"
"D122";"A leadload";"LeadSynth"
"D123";"L/R Piano(Knob1)";"Keyboard"
"D124";"Spanish Guitar";"Guitar/Plucked"
"D125";"Motion Ocean !";"MotionSynth"
"D126";"AltoSax1 Growl-Y";"Woodwind/Reed"
"D127";"Init.Program";"Keyboard"
